<?xml version="1.0" encoding="UTF-8"?>
<corewa>
   <home-screen>Main</home-screen>

  <screen id="Main" input="/WEB-INF/pages/main.jsp">
    <event id="Menu" redirect="yes" nextScreen="/WEB-INF/pages/menu.jsp" />
  </screen>
  
  <screen id="Menu" control="openones.corewa.control.MenuControl" input="/WEB-INF/pages/menu.jsp">
    <event id="Add" redirect="yes" nextScreen="/WEB-INF/pages/AddStudent.jsp" />
    <event id="List" redirect="yes" nextScreen="/WEB-INF/pages/ViewStudents.jsp" />
  </screen>
  
  <screen id="Add" control="openones.corewa.control.AddStudentControl" input="/WEB-INF/pages/AddStudent.jsp">
    <event id="Submit" redirect="yes" nextScreen="/WEB-INF/pages/AddStudent.jsp" />
    <event id="Back" redirect="yes" nextScreen="/WEB-INF/pages/menu.jsp" />
  </screen>
  
   <screen id="List" input="/WEB-INF/pages/ViewStudents.jsp">
    <event id="Back" redirect="yes" nextScreen="/WEB-INF/pages/menu.jsp" />
  </screen>
</corewa>