<?xml version='1.0' encoding='UTF-8' ?>
<portlet-app xmlns='http://java.sun.com/xml/ns/portlet/portlet-app_1_0.xsd' xmlns:xsi='http://www.w3.org/2001/XMLSchema-instance' xsi:schemaLocation='http://java.sun.com/xml/ns/portlet/portlet-app_1_0.xsd http://java.sun.com/xml/ns/portlet/portlet-app_1_0.xsd' version='1.0'>
	<portlet>
		<description>StudentPortlet</description>
		<portlet-name>StudentPortlet</portlet-name>
		<display-name>StudentPortlet</display-name>
		<portlet-class>openones.corewa.portlet.StudentPortlet</portlet-class>
		<expiration-cache>0</expiration-cache>
		<supports>
			<mime-type>text/html</mime-type>
			<portlet-mode>VIEW</portlet-mode>
			<portlet-mode>EDIT</portlet-mode>
			<portlet-mode>HELP</portlet-mode>
		</supports>
		<resource-bundle></resource-bundle>
		<portlet-info>
			<title>StudentPortlet</title>
			<short-title>StudentPortlet</short-title>
		</portlet-info>
	</portlet>
</portlet-app>
