<?xml version="1.0" encoding="UTF-8"?>
<!DOCTYPE struts-config PUBLIC "-//Apache Software Foundation//DTD Struts Configuration 1.2//EN" "http://struts.apache.org/dtds/struts-config_1_2.dtd">
<struts-config>
  <data-sources>
  </data-sources>
  <form-beans>
    <form-bean name="UserListForm" type="openones.tms.strutslist.bean.UserListForm"/>
    <form-bean name="CertListForm" type="openones.tms.strutslist.bean.CertListForm"/>
  </form-beans>
  <global-exceptions>
  </global-exceptions>
  <global-forwards>
  </global-forwards>
  
  <action-mappings>
    <action path="/UserList" name="UserListForm" type="openones.tms.strutslist.action.UserListAction">
      <forward name="init" path="/pages/UserList.jsp"/>
      <forward name="update" path="/pages/UserList.jsp"/>
    </action>
    <action path="/SelectCert" name="CertListForm" type="openones.tms.strutslist.action.CertListAction">
      <forward name="init" path="/pages/CertList.jsp"/>
    </action>

  </action-mappings>
  
  <controller processorClass="org.apache.struts.tiles.TilesRequestProcessor"/>
  <message-resources parameter="MessageResources"/>
  <plug-in className="org.apache.struts.tiles.TilesPlugin">
    <set-property property="definitions-config" value="/WEB-INF/tiles-defs.xml"/>
    <set-property property="moduleAware" value="true"/>
  </plug-in>
  <plug-in className="org.apache.struts.validator.ValidatorPlugIn">
    <set-property property="pathnames" value="/WEB-INF/validator-rules.xml,/WEB-INF/validation.xml"/>
  </plug-in>
</struts-config>
